idx,method,min_cluster_size,silhouette,calinski_harabasz,davies_bouldin
0,hdbscan,250,0.886940598487854,44784.33984375,2.3978862997202843
1,hdbscan,500,0.20622771978378296,6342.6171875,1.854761142943229
2,hdbscan,750,-0.2808995544910431,1046.0587158203125,2.1510865672244637
3,hdbscan,1000,-0.3201805353164673,864.22314453125,1.8993079780830897
4,hdbscan,2500,-0.3213062882423401,829.3442993164062,1.8341308422441305
0,optics,10,0.1,-0.7557434439659119,45.246822357177734,1.0421043942590733
1,optics,10,0.25,-0.7381064295768738,82.94252014160156,0.9427006598814973
2,optics,10,0.5,-0.5104979872703552,175.61167907714844,0.7747887685474661
3,optics,25,0.1,-0.5142138004302979,160.64414978027344,0.7859292181203877
4,optics,25,0.25,-0.39982354640960693,317.6679992675781,0.8662802758885567
5,optics,25,0.5,,,
6,optics,50,0.1,-0.38410401344299316,779.4512939453125,0.7998007295457978
7,optics,50,0.25,0.3806946873664856,500.0333251953125,0.37004555295762165
8,optics,50,0.5,,,
9,optics,100,0.1,-0.12715010344982147,1435.1005859375,0.6755370648919126
10,optics,100,0.25,0.36250120401382446,318.29925537109375,0.5270728467148533
11,optics,100,0.5,,,
0,kmeans,3,0.7404988408088684,2116487.25,0.5473259766292856
1,kmeans,5,0.5209934711456299,2927292.5,0.6066746188587687
2,kmeans,10,0.34544920921325684,3420830.25,0.7386214454047094
3,kmeans,15,0.3177907168865204,3465411.5,0.8286830563914478
4,kmeans,20,0.30018576979637146,3327675.0,0.8473824179440094
5,kmeans,25,0.3011351525783539,3243773.25,0.8492965773876636
6,kmeans,30,0.28389209508895874,3098599.5,0.9102960880209625
0,minibatch,5000,3,0.656229555606842,2811222.0,0.5498743071671665
1,minibatch,5000,5,0.5379632711410522,2950601.0,0.6652124550004208
2,minibatch,5000,10,0.2573009133338928,2184324.25,0.9385452296495641
3,minibatch,5000,15,0.28187039494514465,2611685.75,0.9349133422864632
4,minibatch,5000,20,0.2899513840675354,2763543.5,0.9754923338525062
5,minibatch,5000,25,0.25653499364852905,2542036.75,1.0394039050504176
6,minibatch,5000,30,0.2504323124885559,2616563.25,1.0218050466132822
7,minibatch,10000,3,0.6508927345275879,2807753.5,0.5611554223164195
8,minibatch,10000,5,0.5271696448326111,2798006.75,0.6232131341378608
9,minibatch,10000,10,0.3363693654537201,2362528.25,0.8377598731737466
10,minibatch,10000,15,0.28778430819511414,2219763.75,0.9637961024375401
11,minibatch,10000,20,0.2520085871219635,2053775.25,1.0435859551822713
12,minibatch,10000,25,0.2807967960834503,2763824.75,0.9661675771098701
13,minibatch,10000,30,0.26188334822654724,2607526.0,1.0064916632606424
14,minibatch,25000,3,0.6654823422431946,2076303.75,0.6403595188028938
15,minibatch,25000,5,0.5233634114265442,2844823.75,0.6223903844192176
16,minibatch,25000,10,0.2312401533126831,2646593.75,0.9900944244612617
17,minibatch,25000,15,0.315085768699646,3142017.75,0.8824160083427929
18,minibatch,25000,20,0.287193238735199,2807459.75,0.9053597552194234
19,minibatch,25000,25,0.2761121988296509,1979101.875,0.9889603493507079
20,minibatch,25000,30,0.24569502472877502,2778351.5,1.0187863787705875
21,minibatch,50000,3,0.6680556535720825,2807097.5,0.5262311017011344
22,minibatch,50000,5,0.26958322525024414,2682170.75,0.9302789790183443
23,minibatch,50000,10,0.3190760612487793,2720557.0,0.8095313778289336
24,minibatch,50000,15,0.2939039170742035,2470799.25,0.9525913187010902
25,minibatch,50000,20,0.2552356421947479,2659381.25,1.0234415059908457
26,minibatch,50000,25,0.2546270489692688,2678292.75,0.9901085029235963
27,minibatch,50000,30,0.2481972873210907,2458364.5,1.0437749529246103
28,minibatch,75000,3,0.6025437116622925,2715905.5,0.6374047760141903
29,minibatch,75000,5,0.5088821649551392,2419062.5,0.7018046965420982
30,minibatch,75000,10,0.28554001450538635,2892986.75,0.9018048685257917
31,minibatch,75000,15,0.2816515564918518,2785384.0,0.9095257083334753
32,minibatch,75000,20,0.291723370552063,2783280.5,0.942411298801216
33,minibatch,75000,25,0.26948150992393494,1938936.5,1.052490976606754
34,minibatch,75000,30,0.23909638822078705,2711261.0,1.0571163321543404
35,minibatch,100000,3,0.6505498290061951,2807625.25,0.5623326327071602
36,minibatch,100000,5,0.27611061930656433,2647223.75,0.9371969991214504
37,minibatch,100000,10,0.3077956438064575,2749523.75,0.914437190941744
38,minibatch,100000,15,0.2871009111404419,2761546.75,0.9281223518667839
39,minibatch,100000,20,0.27443626523017883,2206490.5,1.0132478463345593
40,minibatch,100000,25,0.28103774785995483,2794910.75,0.9187210732298164
41,minibatch,100000,30,0.2528119683265686,2564077.0,1.0472461388648697
0,gmm,3,0.30411094427108765,481445.59375,1.2364640738797419
1,gmm,5,0.12491074204444885,307457.34375,2.125955049652413
2,gmm,10,0.13313451409339905,412787.78125,1.8307818125743336
3,gmm,15,0.055791355669498444,334256.5625,2.7751398195674195
4,gmm,20,0.05939995497465134,387792.96875,6.553838892197348
5,gmm,25,0.008525635115802288,316394.75,2.382678205996988
6,gmm,30,0.016055336222052574,297461.84375,4.335367188189481
0,birch,3,1.0,0.8668601512908936,1714523.625,0.43930170536957824
1,birch,3,2.5,0.8872606754302979,1370897.625,0.3953070565512829
2,birch,3,5.0,0.8884963393211365,1323639.125,0.3899544025718296
3,birch,3,7.5,,,
4,birch,3,10.0,,,
5,birch,5,1.0,0.5708534121513367,1348931.375,0.6153031939782705
6,birch,5,2.5,0.724232017993927,2015768.25,0.46544500675783923
7,birch,5,5.0,0.7614723443984985,1187481.125,0.47957155507196286
8,birch,5,7.5,,,
9,birch,5,10.0,,,
10,birch,10,1.0,0.345782607793808,668067.125,0.7065959761796277
11,birch,10,2.5,0.5407804846763611,1422623.375,0.7631862188236991
12,birch,10,5.0,0.6603485345840454,1473171.5,0.6192101089378739
13,birch,10,7.5,,,
14,birch,10,10.0,,,
15,birch,15,1.0,0.46566253900527954,1044254.3125,0.6923193870917024
16,birch,15,2.5,0.5016056895256042,974372.9375,0.8658976820123852
17,birch,15,5.0,0.5127505660057068,1372461.0,0.7043380464108029
18,birch,15,7.5,,,
19,birch,15,10.0,,,
20,birch,20,1.0,0.38820821046829224,786090.8125,0.7865132740220431
21,birch,20,2.5,0.46293213963508606,786596.5625,0.8319923125252414
22,birch,20,5.0,0.5127505660057068,1372461.0,0.7043380464108029
23,birch,20,7.5,,,
24,birch,20,10.0,,,
25,birch,25,1.0,0.3867003917694092,846732.5625,0.8364459782139566
26,birch,25,2.5,0.4904460906982422,1132250.25,0.7566777002368714
27,birch,25,5.0,0.5127505660057068,1372461.0,0.7043380464108029
28,birch,25,7.5,,,
29,birch,25,10.0,,,
30,birch,30,1.0,0.38603660464286804,708512.125,0.8659475589638915
31,birch,30,2.5,0.48665475845336914,942497.625,0.750494377929489
32,birch,30,5.0,0.5127505660057068,1372461.0,0.7043380464108029
33,birch,30,7.5,,,
34,birch,30,10.0,,,
5,hdbscan,50,0.7643781304359436,32695.2109375,1.2341288285712622
6,hdbscan,100,0.7977725863456726,25227.279296875,4.6413944601985015
7,hdbscan,150,0.8762121796607971,38049.171875,3.7734509814853436
8,hdbscan,200,0.8610759377479553,44440.53515625,1.8616194032226019
12,optics,100,0.3,0.3573281764984131,344.1363830566406,0.4378867757536341
13,optics,100,0.4,0.6320589184761047,636.504638671875,0.2599734029427767
14,optics,150,0.3,,,
15,optics,150,0.4,,,
16,optics,200,0.3,,,
17,optics,200,0.4,,,
7,kmeans,2,0.8816347718238831,2884109.0,0.3929496315593621
42,minibatch,5000,2,0.5738609433174133,408578.1875,0.7571866902571863
43,minibatch,10000,2,0.8822734951972961,2883348.0,0.388188863726325
44,minibatch,25000,2,0.8822734951972961,2883225.0,0.3878172617153059
45,minibatch,50000,2,0.8817425966262817,2884085.5,0.3921330129101217
46,minibatch,75000,2,0.5421541929244995,399818.0,0.8330105186990415
47,minibatch,100000,2,0.881525993347168,2884043.25,0.3944061972054083
7,gmm,2,0.15815261006355286,225878.609375,1.6717722692457926
35,birch,2,1.0,0.8771406412124634,2850043.75,0.42131466812822205
36,birch,2,2.5,0.8973792195320129,2469990.25,0.27812199419680617
37,birch,2,5.0,0.898600161075592,2397923.75,0.2701655171962562
